{"cameraMode":{"drawMode":0,"name":"Shaded","section":"Shading Mode"},"sceneLighting":true,"audioPlay":false,"sceneViewState":{"showFog":true,"showMaterialUpdate":false,"showSkybox":true,"showFlares":true,"showImageEffects":true,"showParticleSystems":true},"in2DMode":false,"pivot":{"x":2.5920567512512209,"y":2.0168817043304445,"z":-3.543578624725342},"rotation":{"x":-0.2654353380203247,"y":0.3164134621620178,"z":-0.09270142018795014,"w":-0.9059983491897583},"size":22.0,"orthographic":false}