{"cameraMode":{"drawMode":0,"name":"Shaded","section":"Shading Mode"},"sceneLighting":true,"audioPlay":false,"sceneViewState":{"showFog":true,"showMaterialUpdate":false,"showSkybox":true,"showFlares":true,"showImageEffects":true,"showParticleSystems":true},"in2DMode":false,"pivot":{"x":2.5920567512512209,"y":2.0168817043304445,"z":-3.543578624725342},"rotation":{"x":-0.04724784940481186,"y":0.296589195728302,"z":-0.014693169854581356,"w":-0.9537225365638733},"size":1.400071382522583,"orthographic":false}