{"cameraMode":{"drawMode":0,"name":"Shaded","section":"Shading Mode"},"sceneLighting":true,"audioPlay":false,"sceneViewState":{"showFog":true,"showMaterialUpdate":false,"showSkybox":true,"showFlares":true,"showImageEffects":true,"showParticleSystems":true},"in2DMode":false,"pivot":{"x":5.929859638214111,"y":-0.1812373846769333,"z":2.14713454246521},"rotation":{"x":0.1511440873146057,"y":0.5377037525177002,"z":-0.09867920726537705,"w":0.8235852718353272},"size":22.611581802368165,"orthographic":false}